{"conv1":[0.03566108995876024,0,0,0,0.02339941806527345,0,0.7888151131729414,0,0.8417154088553338,0.03775297030563604,0,0,0,0,0,0.08514975522091472,0,0,0,0.02761466388095109,0,0.7103385936900448,0,0.04826981026373197,0,0.8486847025670493,0,0,0,0,0,0.7687222143636007,0,0,0,0,0,0,0,0,0.9903668031444907,0,0,0,0,0,0,1,0,0,0,0,0,0,0,0.8560363429064837,0.916412987766718,0.9541024516647819,0,0,0,0,0,0.8276230990636915],"conv2":[0,0.2906008811071938,0.07339777521890772,0.1314419274975488,0.2165029221459747,0.2239390311541701,0.09037575777241143,1,0.43839893641149,0.1903705625893467,0.001327811895532133,0.2441308269530728,0.3984236255638517,0.01360121697148931,0.5425991807547699,0.03698015115589404,0.04703729706229377,0.009100896834142636,0.2434598272034111,0.3044311390778632,0,0.1661726862718227,0.2973312252768338,0.2450137937630968,0.1593276333382611,0.07461711360347527,0.1112634852768403,0.2097575546536985,0.1621841978534546,0.001236214614588914,0.4471676602692916,0.1691238846717975,0.1816750711800152,0.2238791074419225,0.2396391922506454,0.2396948428010095,0.5834893149035941,0.06985872117194451,0.2788398917093501,0.1339349687732234,0.1007432482850694,0.05840978203822886,0.2251754052198996,0,0.0335138604665286,0.1546086135929798,0.2360863959259696,0.07596635737315729,0.171843432489714,0.2995749649908538,0.164636300087358,0.4237399722120719,0.2313921777575585,0.1091290807930659,0,0.004203299104103388,0.08539996530634618,0.2453593152526118,0,0.2995927269008051,0.2778899678196025,0.3050509674909734,0.003009537612265272,0.3365519219601949],"conv3":[0,0,0,0,0,0,0,0,0,0,0,0,0,0,0.1080724575046042,0,0,0.0391064448515908,0,0,0.4980696331999475,0,0,0.1251679254370911,0,0,0,0,0,0,0.01731932681063049,0,0,0,0,0,0.01708580230956983,0,0,0.005408115980795462,0,1,0,0,0.01189740832265313,0,0.01654862708400034,0,0.008995337540755186,0,0,0,0,0,0.01600946152849032,0,0,0.004385756725928143,0,0.04645201479044141,0,0,0,0],"conv4":[0,0.1969643406964494,0.08225094825414057,0.2851375815194754,0,0.1230945279277402,0,0.03319239084808512,0.2138538394594542,0,0,0.2709293708229933,0.2406304372820646,0.1225045180094347,0,0,0.01494777873514357,0,0,0.05424656817288952,0,0.4437919665482772,0,0,0.008956580655473008,0.004233490134390687,0.1913445633132697,0.02879059513488619,0,0,0,0,2.732415780030895e-06,0,0.522167680789779,0.003794696827653438,0,0,0.0008978954473149636,0.08873882015090734,0,0.002608893512431705,0,0.2784280241641654,0,0.1751120709521924,0.1649941593282421,0,0,0,0,0.6549030883555932,0.2743382080049462,0,0,0,0,0,0.001994693672024253,0.06589601949156224,0,1,0,0.6780868316962855],"conv5":[0,0,0.9446957696859585,0.4153620006294011,0.5889520479299301,0.5584647474295017,0.3364224576600145,0.1823584927217918,0,0.2014749396351828,1,0.3253124529938944,0,0.001770294673899961,0.2777017179360513,0.2564479979872037,0,0.3703689007424254,0.1237574794734671,0.0662992234228028,0.8927735996811124,0,0.8487937273087121,0,0,0.006562353961596137,0.1575213817980233,0.1423382575539519,0.63104618326145,0.2581745600331483,0,0,0,0.3948472601438826,0.6471224851784656,0,0.08276815788145697,0,0,0.001188778392566227,0.01644123222178157,0.2746247526070445,0,0.9347327055791491,0,0,0,0.8767690964350444,0,0.8423972064617974,0,0,0.5546151799873137,0.008429681860039196,0,0,0,0.04370740677661272,0.1884268110606698,0.697041999372071,0.1087434005116679,0.4114873533271544,0.02299674121518474,0]}

