{
    "value0": [
        {
            "layerName": "\"conv1\"\n",
            "filtersNum": 64,
            "density_values": [
                0.15176638960838318,
                0,
                0,
                0,
                0.096051134169101715,
                0,
                0.78617173433303833,
                0,
                0.83592605590820312,
                0.13590186834335327,
                0,
                0,
                0,
                0,
                0,
                0.24313440918922424,
                0,
                0,
                0,
                0.10567090660333633,
                0,
                0.71409410238265991,
                0,
                0.19621814787387848,
                0,
                0.83637696504592896,
                0,
                0,
                0,
                0,
                0,
                0.76592236757278442,
                0,
                0,
                0,
                0,
                0,
                0,
                0,
                0,
                1,
                0,
                0,
                0,
                0,
                0,
                0,
                0.98922055959701538,
                0,
                0,
                0,
                0,
                0,
                0,
                0,
                0.85587882995605469,
                0.92607831954956055,
                0.94563025236129761,
                0,
                0,
                0,
                0,
                6.3791005231905729e-05,
                0.82180625200271606
            ]
        },
        {
            "layerName": "\"conv2\"\n",
            "filtersNum": 64,
            "density_values": [
                0,
                0.30412971973419189,
                0.12515915930271149,
                0.14627866446971893,
                0.23258033394813538,
                0.23522728681564331,
                0.13666650652885437,
                1,
                0.43464431166648865,
                0.17827798426151276,
                0.0092484075576066971,
                0.24381878972053528,
                0.42212057113647461,
                0.077911339700222015,
                0.56313371658325195,
                0.059580713510513306,
                0.054558459669351578,
                0.058129530400037766,
                0.26463663578033447,
                0.33921518921852112,
                0,
                0.21377038955688477,
                0.30022916197776794,
                0.24518708884716034,
                0.20100140571594238,
                0.14037756621837616,
                0.16994383931159973,
                0.2175561934709549,
                0.20465421676635742,
                0.0083838040009140968,
                0.44642055034637451,
                0.18131044507026672,
                0.2474033385515213,
                0.2223089188337326,
                0.25459498167037964,
                0.2383875846862793,
                0.57647329568862915,
                0.052159357815980911,
                0.27324971556663513,
                0.12117622792720795,
                0.11967626959085464,
                0.1186341717839241,
                0.24071523547172546,
                0,
                0.02586398646235466,
                0.20138281583786011,
                0.23657625913619995,
                0.13285480439662933,
                0.1933208554983139,
                0.29986411333084106,
                0.15082919597625732,
                0.42484977841377258,
                0.23056033253669739,
                0.08224119246006012,
                0.0090137328952550888,
                0.057088863104581833,
                0.065827466547489166,
                0.26123431324958801,
                0,
                0.30668595433235168,
                0.31781259179115295,
                0.32097753882408142,
                0.01756705529987812,
                0.34254226088523865
            ]
        },
        {
            "layerName": "\"conv3\"\n",
            "filtersNum": 64,
            "density_values": [
                0.2485872209072113,
                0,
                0.30327653884887695,
                0.019736796617507935,
                0,
                0.0046975989826023579,
                0,
                0,
                0.07574666291475296,
                0.15292362868785858,
                0,
                0.0046979719772934914,
                0.015294443815946579,
                0,
                0.1554073691368103,
                0,
                0,
                0.38704508543014526,
                0.21681495010852814,
                0,
                0.33781862258911133,
                0.33332973718643188,
                0,
                0.40211004018783569,
                0.024568188935518265,
                0,
                0,
                0,
                0.14880691468715668,
                0.17819039523601532,
                0.21579740941524506,
                0,
                0,
                0,
                0.14546836912631989,
                0,
                0.19060884416103363,
                0,
                0.11136139929294586,
                0.28867316246032715,
                0,
                1,
                0.11981171369552612,
                0,
                0.22095796465873718,
                0.24341344833374023,
                0.20789837837219238,
                0.025491382926702499,
                0.21401484310626984,
                0,
                0.091107822954654694,
                0.1146068274974823,
                0,
                0,
                0.17689305543899536,
                0,
                0.023693874478340149,
                0.068658493459224701,
                0.049916047602891922,
                0.5134882926940918,
                0,
                0,
                0,
                0
            ]
        },
        {
            "layerName": "\"conv4\"\n",
            "filtersNum": 64,