{
    "value0": [
        {
            "layerName": "\"conv1\"\n",
            "filtersNum": 64,
            "density_values": [
                0.1355968564748764,
                0,
                0,
                0,
                0.086761616170406342,
                0,
                0.7884867787361145,
                0,
                0.83823651075363159,
                0.12356726825237274,
                0,
                0,
                0,
                0,
                0,
                0.22582362592220306,
                0,
                0,
                0,
                0.096016690135002136,
                0,
                0.71485805511474609,
                0,
                0.17630495131015778,
                0,
                0.86649197340011597,
                0,
                0,
                0,
                0,
                0,
                0.76793068647384644,
                0,
                0,
                0,
                0,
                0,
                0,
                0,
                0,
                1,
                0,
                0,
                0,
                0,
                0,
                0,
                0.99108254909515381,
                0,
                0,
                0,
                0,
                0,
                0,
                0,
                0.87898534536361694,
                0.9247017502784729,
                0.94706988334655762,
                0,
                0,
                0,
                0,
                0.0006774960202164948,
                0.82429009675979614
            ]
        },
        {
            "layerName": "\"conv2\"\n",
            "filtersNum": 64,
            "density_values": [
                0,
                0.29867324233055115,
                0.11522329598665237,
                0.14367999136447906,
                0.22962014377117157,
                0.22887785732746124,
                0.12628591060638428,
                1,
                0.44241535663604736,
                0.18668034672737122,
                0.007505929097533226,
                0.24890902638435364,
                0.4161936342716217,
                0.061887040734291077,
                0.55194360017776489,
                0.06450141966342926,
                0.053623974323272705,
                0.04427807405591011,
                0.25902298092842102,
                0.33312740921974182,
                0.00014646978524979204,
                0.20188984274864197,
                0.29971113801002502,
                0.24317775666713715,
                0.18438123166561127,
                0.12774111330509186,
                0.15415596961975098,
                0.21707075834274292,
                0.19085291028022766,
                0.010164130479097366,
                0.44677114486694336,
                0.18048718571662903,
                0.22923301160335541,
                0.22877092659473419,
                0.25374323129653931,
                0.24451610445976257,
                0.5765918493270874,
                0.066357694566249847,
                0.27912387251853943,
                0.13009943068027496,
                0.12353828549385071,
                0.1071666032075882,
                0.23923441767692566,
                0,
                0.041106011718511581,
                0.18383002281188965,
                0.24189326167106628,
                0.121917724609375,
                0.19182826578617096,
                0.29742133617401123,
                0.15973493456840515,
                0.42509767413139343,
                0.23561279475688934,
                0.10327053070068359,
                0.0074596009217202663,
                0.030914654955267906,
                0.078859224915504456,
                0.26116684079170227,
                0,
                0.30590850114822388,
                0.31011730432510376,
                0.31641632318496704,
                0.013514409773051739,
                0.34194636344909668
            ]
        },
        {
            "layerName": "\"conv3\"\n",
            "filtersNum": 64,
            "density_values": [
                0.011948524974286556,
                0,
                0.2129443883895874,
                0.049740549176931381,
                0,
                0,
                0,
                0,
                0.028938835486769676,
                0.074759751558303833,
                0,
                0.0057874033227562904,
                0.0099488841369748116,
                0,
                0.098009608685970306,
                0,
                0,
                0.33535462617874146,
                0.13711811602115631,
                0,
                0.34828299283981323,
                0.040549855679273605,
                0,
                0.28014031052589417,
                0.00058566482039168477,
                0,
                0,
                0,
                0.00023796144523657858,
                0.0028897712472826242,
                0.13551439344882965,
                0,
                0,
                0,
                0.04995327815413475,
                0,
                0.12214595079421997,
                0,
                0.02467002347111702,
                0.23035050928592682,
                0,
                1,
                0.015705382451415062,
                0,
                0.10382162779569626,
                0.020776610821485519,
                0.16466997563838959,
                0.024331901222467422,
                0.10552099347114563,
                0,
                0.030224353075027466,
                0.067116767168045044,
                0.0087419720366597176,
                0,
                0.15530580282211304,
                0,
                0.011401116847991943,
                0.036360818892717361,
                0.024583293125033379,
                0.4606456458568573,
                0,
                0,
                0,
                0
            ]
        },
        {
            "layerName": "\"conv4\"\n",
            "filtersNum": 64,