{
    "value0": [
        {
            "name": "\"conv1\"\n",
            "numFilters": 64,
            "values": [
                0.11112047731876373,
                0,
                0,
                0,
                0.07080860435962677,
                0,
                0.79381257295608521,
                0,
                0.84511065483093262,
                0.091466605663299561,
                0,
                0,
                0,
                0,
                0,
                0.17577788233757019,
                0,
                0,
                0,
                0.079664893448352814,
                0,
                0.71474069356918335,
                0,
                0.14702166616916656,
                0,
                0.86911129951477051,
                0,
                0,
                0,
                0,
                0,
                0.77431929111480713,
                0,
                0,
                0,
                0,
                0,
                0,
                0,
                0,
                1,
                0,
                0,
                0,
                0,
                0,
                0,
                0.99864602088928223,
                0,
                0,
                0,
                0,
                0,
                0,
                0,
                0.8795587420463562,
                0.92405325174331665,
                0.95366013050079346,
                0,
                0,
                0,
                0,
                0,
                0.83125370740890503
            ]
        },
        {
            "name": "\"conv2\"\n",
            "numFilters": 64,
            "values": [
                0,
                0.29609835147857666,
                0.10086773335933685,
                0.13781897723674774,
                0.22642283141613007,
                0.2267429530620575,
                0.11936374008655548,
                1,
                0.44171667098999023,
                0.18720917403697968,
                0.0031804072204977274,
                0.2474018931388855,
                0.40899622440338135,
                0.040056191384792328,
                0.54436773061752319,
                0.057465262711048126,
                0.050416745245456696,
                0.026702592149376869,
                0.25258293747901917,
                0.32223987579345703,
                0,
                0.18934285640716553,
                0.29906409978866577,
                0.24440358579158783,
                0.17394928634166718,
                0.11314260214567184,
                0.14194236695766449,
                0.21469484269618988,
                0.1844925731420517,
                0.0064265173859894276,
                0.4458269476890564,
                0.17567215859889984,
                0.2189469039440155,
                0.22762662172317505,
                0.24904829263687134,
                0.24272421002388,
                0.57903182506561279,
                0.069920152425765991,
                0.27941462397575378,
                0.13034926354885101,
                0.11927887797355652,
                0.090740963816642761,
                0.23447361588478088,
                0,
                0.037669062614440918,
                0.17246176302433014,
                0.23972363770008087,
                0.10620816797018051,
                0.18655726313591003,
                0.29867696762084961,
                0.16026346385478973,
                0.42518630623817444,
                0.23416686058044434,
                0.1051366925239563,
                0.0047242883592844009,
                0.027208779007196426,
                0.084174014627933502,
                0.25541934370994568,
                0,
                0.30445772409439087,
                0.29818576574325562,
                0.31373468041419983,
                0.0082762092351913452,
                0.34123688936233521
            ]
        },
        {
            "name": "\"conv3\"\n",
            "numFilters": 64,
            "values": [
                0.06135096400976181,
                0,
                0.17635944485664368,
                0.025117112323641777,
                0,
                0,
                0,
                0,
                0.067796893417835236,
                0.088368669152259827,
                0,
                0.00035850465064868331,
                0.0022506543900817633,
                0,
                0.11349485069513321,
                0,
                0,
                0.31788131594657898,
                0.11512337625026703,
                0,
                0.35981553792953491,
                0.11064441502094269,
                0,
                0.29698002338409424,
                0.0014388207346200943,
                0,
                0,
                0,
                0.0089109567925333977,
                0.014911964535713196,
                0.1808035671710968,
                0,
                0,
                0,
                0.047525316476821899,
                0,
                0.096234932541847229,
                0,
                0.048144951462745667,
                0.21400047838687897,
                0,
                1,
                0.014705676585435867,
                0,
                0.1269666999578476,
                0.045696895569562912,
                0.20765066146850586,
                0.0097542228177189827,
                0.072683431208133698,
                0,
                0.074263893067836761,
                0.054883785545825958,
                0,
                0,
                0.19566380977630615,
                0,
                0.034094631671905518,
                0.09233856201171875,
                0.033869452774524689,
                0.38190352916717529,
                0,
                0,
                0,
                0
            ]
        },
        {
            "name": "\"conv4\"\n",
            "numFilters": 64,