{
    "value0": [
        {
            "name": "\"conv1\"\n",
            "numFilters": 64,
            "values": [
                0.12158005684614182,
                0,
                0,
                0,
                0.078824296593666077,
                0,
                0.79491442441940308,
                0,
                0.84641200304031372,
                0.10679478943347931,
                0,
                0,
                0,
                0,
                0,
                0.19431778788566589,
                0,
                0,
                0,
                0.087379433214664459,
                0,
                0.71649694442749023,
                0,
                0.15882770717144012,
                0,
                0.84660661220550537,
                0,
                0,
                0,
                0,
                0,
                0.77590775489807129,
                0,
                0,
                0,
                0,
                0,
                0,
                0,
                0,
                1,
                0,
                0,
                0,
                0,
                0,
                0,
                0.9988548755645752,
                0,
                0,
                0,
                0,
                0,
                0,
                0,
                0.85958927869796753,
                0.9259682297706604,
                0.95398116111755371,
                0,
                0,
                0,
                0,
                0,
                0.832133948802948
            ]
        },
        {
            "name": "\"conv2\"\n",
            "numFilters": 64,
            "values": [
                0,
                0.29758790135383606,
                0.10814795643091202,
                0.14042671024799347,
                0.22686974704265594,
                0.22880223393440247,
                0.12257459759712219,
                1,
                0.43316620588302612,
                0.1786796897649765,
                0.0061298408545553684,
                0.24083398282527924,
                0.41368871927261353,
                0.053247280418872833,
                0.54835605621337891,
                0.056963440030813217,
                0.047901060432195663,
                0.037342198193073273,
                0.25780719518661499,
                0.3269665539264679,
                0.00049364945152774453,
                0.19422301650047302,
                0.29818689823150635,
                0.24419783055782318,
                0.18469972908496857,
                0.12732683122158051,
                0.15083155035972595,
                0.21171322464942932,
                0.18651895225048065,
                0.0084155304357409477,
                0.44321909546852112,
                0.17675213515758514,
                0.22243815660476685,
                0.21958835422992706,
                0.24832320213317871,
                0.23548662662506104,
                0.57793533802032471,
                0.051512740552425385,
                0.27334609627723694,
                0.12273439764976501,
                0.11116667836904526,
                0.099272057414054871,
                0.23431681096553802,
                0,
                0.020412232726812363,
                0.18323524296283722,
                0.23354758322238922,
                0.11374114453792572,
                0.18482585251331329,
                0.29860362410545349,
                0.15260447561740875,
                0.42202091217041016,
                0.22784252464771271,
                0.084846079349517822,
                0.0117074279114604,
                0.034398149698972702,
                0.068195022642612457,
                0.25457471609115601,
                0,
                0.30392462015151978,
                0.30381491780281067,
                0.31459811329841614,
                0.010578256100416183,
                0.33982953429222107
            ]
        },
        {
            "name": "\"conv3\"\n",
            "numFilters": 64,
            "values": [
                0.029353439807891846,
                0,
                0.094688631594181061,
                0,
                0,
                0.012189919129014015,
                0,
                0,
                0.0062424112111330032,
                0.10104593634605408,
                0,
                0,
                0,
                0,
                0.11293208599090576,
                0,
                0,
                0.24318662285804749,
                0.054648444056510925,
                0,
                0.33352449536323547,
                0.057605687528848648,
                0,
                0.12213589996099472,
                0.0047993459738790989,
                0,
                0,
                0,
                0.00040611822623759508,
                0,
                0.15947264432907104,
                0,
                0,
                0,
                0.033444270491600037,
                0,
                0.12508814036846161,
                0,
                0.055508673191070557,
                0.13513699173927307,
                0,
                1,
                0.035176333039999008,
                0,
                0.068352118134498596,
                0.01889379695057869,
                0.10352744907140732,
                0,
                0.098724149167537689,
                0,
                0.013189859688282013,
                0.047922153025865555,
                0.0069505618885159492,
                0,
                0.098774038255214691,
                0,
                0.0043120882473886013,
                0.036472883075475693,
                0.01806299202144146,
                0.28300017118453979,
                0,
                0,
                0.0040888078510761261,
                0
            ]
        },
        {
            "name": "\"conv4\"\n",
            "numFilters": 64,