{
    "value0": [
        {
            "name": "\"conv1\"\n",
            "numFilters": 64,
            "values": [
                0.097526341676712036,
                4.6907848627597559e-07,
                0,
                0,
                0.063176006078720093,
                0,
                0.79502439498901367,
                0,
                0.84681040048599243,
                0.086162373423576355,
                0,
                0,
                0,
                0,
                0,
                0.16450540721416473,
                0,
                0,
                0,
                0.072584033012390137,
                0,
                0.71538376808166504,
                0,
                0.13138681650161743,
                0,
                0.86242365837097168,
                0,
                0,
                0,
                0,
                0,
                0.77541166543960571,
                0,
                0,
                0,
                0,
                0,
                0,
                0,
                0,
                0.99828249216079712,
                0,
                0,
                0,
                0,
                0,
                0,
                1,
                0,
                0,
                0,
                0,
                0,
                0,
                0,
                0.87190264463424683,
                0.92305922508239746,
                0.95471161603927612,
                0,
                0,
                0,
                0,
                0.00067916169064119458,
                0.83271533250808716
            ]
        },
        {
            "name": "\"conv2\"\n",
            "numFilters": 64,
            "values": [
                0,
                0.29302680492401123,
                0.09741520881652832,
                0.13507735729217529,
                0.22481498122215271,
                0.22381192445755005,
                0.11310941725969315,
                1,
                0.43815338611602783,
                0.18246178328990936,
                0.0038561371620744467,
                0.24242524802684784,
                0.40816453099250793,
                0.030875563621520996,
                0.54044812917709351,
                0.046264521777629852,
                0.048973001539707184,
                0.020146062597632408,
                0.25243455171585083,
                0.3213217556476593,
                0,
                0.1848900318145752,
                0.297565758228302,
                0.24301165342330933,
                0.16870421171188354,
                0.10529554635286331,
                0.13593871891498566,
                0.21110421419143677,
                0.17943629622459412,
                0.0034246665891259909,
                0.44317469000816345,
                0.17515823245048523,
                0.21092613041400909,
                0.2218853086233139,
                0.24592041969299316,
                0.23788207769393921,
                0.57819336652755737,
                0.064379103481769562,
                0.2765008807182312,
                0.12649829685688019,
                0.11325681954622269,
                0.087150052189826965,
                0.2314399927854538,
                0,
                0.032402008771896362,
                0.16646058857440948,
                0.23515975475311279,
                0.10220762342214584,
                0.18220755457878113,
                0.29719975590705872,
                0.15603440999984741,
                0.42292937636375427,
                0.22922463715076447,
                0.098210453987121582,
                0,
                0.014569098129868507,
                0.07775694876909256,
                0.25263458490371704,
                0,
                0.30307817459106445,
                0.29699364304542542,
                0.31084883213043213,
                0.0086646145209670067,
                0.33937260508537292
            ]
        },
        {
            "name": "\"conv3\"\n",
            "numFilters": 64,
            "values": [
                0.038667324930429459,
                0,
                0.1593918651342392,
                0.037698332220315933,
                0,
                0,
                0,
                0,
                0.024923065677285194,
                0.015250422060489655,
                0,
                0.0089606326073408127,
                0,
                0,
                0.094121046364307404,
                0,
                0,
                0.25337794423103333,
                0.10627395659685135,
                0,
                0.35217389464378357,
                0.093226656317710876,
                0,
                0.31587898731231689,
                0.0033949653152376413,
                0,
                0,
                0,
                0.030473686754703522,
                0.029296576976776123,
                0.07720956951379776,
                0,
                0,
                0,
                0.044093232601881027,
                0,
                0.074305526912212372,
                0,
                0,
                0.16256637871265411,
                0,
                1,
                0.0018427694449201226,
                0,
                0.11370885372161865,
                0.07304113358259201,
                0.10775743424892426,
                0.029637571424245834,
                0.058272223919630051,
                0,
                0.016441650688648224,
                0.044258821755647659,
                0.015309546142816544,
                0,
                0.081979699432849884,
                0,
                0.0043891044333577156,
                0.016402821987867355,
                0.0085139274597167969,
                0.36091554164886475,
                0,
                0,
                0.00061598391039296985,
                0
            ]
        },
        {
            "name": "\"conv4\"\n",
            "numFilters": 64,